name,location,website,has_logo,has_hero,has_bio,bio
Four Pillars,Australia,https://fourpillarsgin.com/,Y,,Y,Experience the essence of unmistakably Australian drinks with our award-winning collection of premium gins we make in the heart of the picturesque Yarra Valley.
Hartshorn,Australia,,,,,
Starward,Australia,https://www.starward.com.au/,Y,Y,Y,"The Most Awarded Distillery of the Year 2022. Starward is whisky done different. Explore our range of prized double-grain Two-Fold, gold winning single malt Nova, Solera or Fortis plus limited release whisky projects & small batch. Try Starward for yourself at our distillery bar in Port Melbourne, Australia."
Hellyers Road,Australia – Tasmania,https://www.hellyersroaddistillery.com.au/,Y,Y,Y,"Hellyers Road Distillery is one of Australia's best single malt whisky distilleries. Multi-award winning with a globally unique and distinctive signature style, this Tasmanian icon distillery is a must visit on Tasmania's northwest coast. Experience our Visitor Centre for whisky tours and tastings or shop online."
Lark,Australia – Tasmania,https://www.larkdistillery.com/,Y,Y,Y,"Fuelled by the wonder of Tasmania, we don’t just make whisky – we explore it. We're continuously driven by the same relentless pursuit of flavour that has defined LARK from the very beginning. Proudly established 1992."
Foursquare,Barbados,https://foursquarerumdistillery.com/,Y,,,
Malibu,Barbados,,,,,
Mount Gay,Barbados,https://www.mountgayrum.com/,Y,Y,Y,"Explore three centuries of Mount Gay Rum’s history, craft, and sailing heritage. From rum’s beginnings in 1703 Barbados, a detail of island ingredients, to contemporary cocktails recommended for each blend."
Plantation,Barbados,,,,,
Captain Morgan,Bermuda,,,,,
Leblon,Brazil,https://www.leblon.com/,Y,Y,Y,"Leblon Cachaça is a single estate artisanal Cachaça made at the Destillerie Maison Leblon in Patos de Minas, Minas Gerais in Brazil."
Ypióca,Brazil,,,,,
Crown Royal,Canada,,,,,
Crystal Head,Canada,,,,,
Hiram Walker,Canada,,,,,
Test Craft Distillery,South Africa,,,,Y,A premium craft distillery making award-winning spirits
Woodstock Gin,South Africa,https://woodstockgin.co.za,Y,,Y,Small-batch gin distillery in Cape Town's vibrant Woodstock neighborhood.
Black Tot,Caribbean,https://www.blacktotrum.com/,Y,,Y,This is an example page. It&#8217;s different from a blog post because it will stay in one place and will show up in your site navigation (in most themes). Most people start with an About page that introduces them to potential site visitors. It might say something like this: Hi there! I&#8217;m a bike messenger [&hellip;]
Sailor Jerry,Caribbean,https://www.sailorjerry.com/,Y,,,
Samaroli,Caribbean,,,,,
Havana Club,Cuba,,,,,
Becherovka,Czech Republic,https://www.becherovka.com/en,Y,Y,Y,Iconic Czech bitter made of unique mix of herbs and spices wrapped up in a flat green bottle. Enjoy Becherovka as an ice cold shot or an ingredient in a mixed drink.
Aalborg,Denmark,https://www.akvavit.com/,Y,,,
Stauning,Denmark,https://stauningwhisky.com/,Y,Y,Y,"Since 2005 Stauning Whisky has been crafting premium Danish Single Malt & Rye Whisky using local grains & traditional methods. Every step, from floor-malting to distillation in small copper pot stills, happens at our distillery on Denmark’s West Coast. Discover our unique, handcrafted and sustainably produced whisky."
Black Cow,England,https://www.blackcow.co.uk/,Y,Y,Y,"Black Cow is the world’s first Pure Milk Vodka. Made in West Dorset with what’s left over from grass grazed cows milk after making cheese! Using milk as its only source ingredient is what makes the vodka so smooth. Sip neat, or mix in a long drink or cocktail."
Chase,England,https://chasedistillery.co.uk/,Y,,Y,"Explore Chase Spirits’ award-winning gin and vodka — crafted in Herefordshire from field to bottle. Indulge in spirits, cocktails, and premium flavours."
Cotswolds,England,https://www.cotswoldsdistillery.com/,Y,Y,Y,"Discover our award-winning whisky and gin, crafted with care in the heart of the Cotswolds. Explore our exceptional range since 2014 or plan your visit today!"
The English Distillery,England,https://englishwhisky.co.uk/,Y,Y,Y,"The English Whisky Co. is England’s oldest registered whisky distillery, founded by the Nelstrop family in 2006. We mature all of our casks and bottle all of our whisky on site."
Fiji Rum Co,Fiji,,,,,
Rum Artesanal,Fiji,,,,,
Transcontinental Rum Line,Fiji,,,,,
Kyrö,Finland,https://kyrodistillery.com/,Y,,Y,Kyrö Distillery
Absente,France,,,,,
Bénédictine,France,https://www.benedictinedom.com/,Y,,Y,The Home of Benedictine Liqueur Distilled and aged in the Palais Bénédictine built in Fécamp in tribute to this unique liqueur.
Brenne,France,,,,,
Chartreuse,France,https://www.chartreuse.fr/en/,Y,,Y,                                    
Cîroc,France,,,,,
Citadelle,France,https://www.citadellegin.com/,Y,,Y,"Le meilleur gin au monde est français ! Citadelle Gin capture la créativité, le savoir-faire et le caractère français."
Cointreau,France,https://www.cointreau.com/,Y,,Y,Cointreau is a premium triple sec orange-flavored liqueur. Discover our unique spirits and our cocktail recipes made with Cointreau triple sec.
Combier,France,https://www.combier.fr/,Y,,Y,"Fondée en 1834, la Distillerie Combier est une entreprise du patrimoine vivant qui produit des élixirs à base de fruits, fleurs et plantes."
Fair.,France,,,,,
Grand Marnier,France,,,,,
Grey Goose,France,,,,,
Michel Couvreur,France,,,,,
Pernod,France,,,,,
Ricard,France,,,,,
Château de Laubade,France – Armagnac,https://www.chateaudelaubade.com/,Y,Y,Y,"Le Château de Laubade, bâti en 1870, est aujourd&#039;hui la première propriété d&#039;Armagnac constituée de 105 hectares de vignes d&#039;un seul tenant."
Darroze,France – Armagnac,https://www.darroze-armagnacs.com/,Y,Y,Y,"L’histoire des Armagnacs Darroze s’inscrit dans une tradition familiale de gastronomie, de plaisir, d’authenticité et de respect des produits."
Warenghem,France – Brittany,,,,,
Camus,France – Cognac,https://www.camus.fr/,Y,Y,Y,"Order your precious bottles of VS cognac, VSOP cognac, XO cognac online, directly from our cellars. Personalize your cognac bottle online with a custom engraving and decoration. Our best VS, VSOP, XO cognacs are available for purchase online, international shipping. CAMUS, intensely aromatic."
Courvoisier,France – Cognac,https://www.courvoisier.com/,Y,,Y,"Welcome to Maison Courvoisier! Explore the process of how we infuse our premium cognacs with the flavors of Jarnac, its history and its people."
Delamain,France – Cognac,https://www.delamain-cognac.com/,Y,Y,Y,"For two centuries, Delamain has been the guardian of a way of living and thinking about cognac that surpasses all typical references."
Hennessy,France – Cognac,,,,,
Martell,France – Cognac,,,,,
Rémy Martin,France – Cognac,https://www.remymartin.com/,Y,Y,Y,"Rémy Martin VS Supérieur is a bold cognac from Petite Champagne. Aged three years for richer taste and elevated VS. Enjoy its exceptional aroma and long finish neat, on ice, or in cocktails. Debuting September 2025 in South Africa and Nigeria."
Jägermeister,Germany,https://www.jagermeister.com/,Y,Y,Y,Welcome to the home of Jägermeister. We are the Meister of our craft. Dive into our world of premium herbal liqueur and taste the perfection.
Monkey 47,Germany,,,,,
Our Vodka,Germany,,,,,
Slyrs,Germany,https://www.slyrs.com/en/,Y,,,
Underberg,Germany,https://www.underberg.com/,Y,,Y,"Dein Underberg Online-Shop – Schön, dass du da bist."
Hendrick's Gin,Scotland,https://www.hendricksgin.com/,Y,Y,Y,Peculiarly delicious gin infused with cucumber and rose petals.
Metaxa,Greece,https://www.metaxa.com/,Y,,Y,The House of Metaxa
Zacapa,Guatemala,https://www.zacaparum.com/,Y,Y,Y,"Discover the smooth quality of Zacapa Rum crafted in Guatemala. Learn more about our rums, history, creation process and our cocktail recipes."
El Dorado,Guyana,https://www.theeldoradorum.com/,Y,,Y,The Finest Demerara Rum
Arawaks,Haiti,,,,,
Barbancourt,Haiti,https://www.barbancourt.com/,Y,Y,Y,"Barbancourt, c’est un rhum 100% haïtien, de la canne à sucre à la distillation, de la fermentation à l’embouteillage."
Chelo,Haiti,,,,,
Reyka,Iceland,https://www.reyka.com/,Y,Y,Y,"For more recipes and to get to know our distinctively Icelandic vodka, check out Reyka.com."
Amrut,India,,,,,
Paul John,India,https://www.pauljohnwhisky.com/,Y,,Y,"The Great Indian Single Malt has won over 100 prestigious international awards. Whisky includes Unpeated, Peated, Select Casks, Single Casks and Limited Editions."
Baileys,Ireland,,,,,
Dingle,Ireland,https://dingledistillery.ie/,Y,Y,Y,"Dingle Distillery, nestled on the edge of the Wild Atlantic Way, surrounded by a dramatic coastline and rugged landscapes. An independent distillery that is committed to crafting spirits that reflect the character, and community that make Dingle special and truly from the edge."
Jameson,Ireland,,,,,
Redbreast,Ireland,,,,,
Teeling,Ireland,,,,,
West Cork,Ireland,,,,,
Milk & Honey,Israel,https://mh-distillery.com/,Y,Y,Y,"Only those who dream fly and a dream came true in 2013, with the establishment of Israel’s first whisky distillery – M&H."
Aperol,Italy,,,,,
Averna,Italy,https://www.amaroaverna.com/,Y,,Y,The authentic italian amaro since 1868. Discover Averna&#039;s recipe and flavors. Savor the tradition of the legendary Sicilian liqueur.
Branca,Italy,,,,,
Campari,Italy,,,,,
Cynar,Italy,https://www.cynar.com/,Y,,Y,"Cynar Spritz è l'aperitivo al carciofo per chi cerca una pausa dalla frenesia quotidiana. Icona vintage dal 1950, oggi è sponsor ufficiale del Venezia FC."
Disaronno,Italy,,,,,
Frangelico,Italy,,,,,
Luxardo,Italy,https://www.luxardo.it/,Y,Y,,
Malfy,Italy,,,,,
Molinari,Italy,https://www.molinari.it/,Y,Y,Y,Molinari Extra: la sambuca italiana più bevuta nel mondo. Un grande classico che non passa mai di moda.
Montenegro,Italy,,,,,
Tia Maria,Italy,https://www.tiamaria.com/,Y,Y,,
Appleton Estate,Jamaica,https://www.appletonestate.com/,Y,,Y,"Journey into the heart of Jamaican rum at Appleton Estate. Explore our rich history, discover the craft behind our award-winning rums, and find your perfect blend."
Compagnie des Indes,Jamaica,,,,,
Hampden Estate,Jamaica,,,,,
Hidden Spirits,Jamaica,,,,,
Smith & Cross,Jamaica,,,,,
The Duchess,Jamaica,,,,,
Valinch & Mallet,Jamaica,,,,,
Velier,Jamaica,,,,,
Worthy Park,Jamaica,https://worthyparkestate.com/,Y,,,
Wray & Nephew,Jamaica,https://www.wrayandnephew.com/,Y,,Y,Discover the original Jamaican spirit with Wray & Nephew. A favourite white rum that has been an integral part of the island’s culture for nearly 200 years.
Hakushu,Japan,,,,,
Hibiki,Japan,https://www.suntory.com/whisky/hibiki/,Y,Y,Y,The House of Suntory was founded with a vision: to develop a flavor profile adapted to the subtle Japanese palate. Discover the nature and spirit of Japan.
Kyoto Distillery,Japan,,,,,
Mars,Japan,https://www.hombo.co.jp/en/,Y,Y,Y,"The official website of Hombo Shuzo, founded in 1872. We manufacture Shochu, Umeshu, Wine, and Whisky, featuring brands such as Mars Whisky, Sakurajima, Komagatake, and Iwai. Find product details, distillery tour information, and the latest news here."
Nikka,Japan,,,,,
Roku,Japan,,,,,
Suntory,Japan,,,,,
Yamazaki,Japan,https://www.suntory.com/whisky/yamazaki/,Y,Y,Y,The House of Suntory was founded with a vision: to develop a flavor profile adapted to the subtle Japanese palate. Discover the nature and spirit of Japan.
Bourbon Craft Distillery,USA,,,,Y,Crafting premium bourbon with traditional methods since 1885
Stolichnaya,Latvia,https://www.stoli.com/,Y,,Y,Stoli® Vodka is the original premium vodka that combines modern distilling of the highest quality spirit with century old traditions to create its bold character.
Clément,Martinique,https://www.rhum-clement.com/,Y,,Y,"Nos rhums Rhum agricole AOC Reconnus par une appellation d’origine contrôlée (AOC), les rhums agricoles martiniquais se distinguent parmi les spiritueux du monde entier. Le respect d’un cahier des charges exigeant garantit la qualité de la production, distingue les terroirs, authentifie les procédés de fabrication séculaires, depuis la sélection des cannes jusqu’à la durée de [&hellip;]"
Depaz,Martinique,,,,,
La Favorite,Martinique,,,,,
Neisson,Martinique,https://www.neisson.com/,Y,Y,Y,Découvrez le savoir-faire et l&#039;histoire des rhums de la distillerie Neisson.
Rhum J.M,Martinique,https://www.rhum-jm.com/,Y,,Y,"Située au coeur des Caraïbes, c’est à Macouba dans le nord-est de l’île de la Martinique que s’est installée la Distillerie J.M en 1845."
Chamarel,Mauritius,,,,,
New Grove,Mauritius,,,,,
Casamigos,Mexico,,,,,
Cazadores,Mexico,,,,,
Don Julio,Mexico,,,,,
Espolòn,Mexico,https://www.espolontequila.com/,Y,,Y,"Discover Espolòn Tequila, made from 100% Blue Weber agave in Mexico. Take a look at our award-winning Tequilas and find out what makes them so unique."
Jose Cuervo,Mexico,,,,,
Kahlúa,Mexico,,,,,
Patrón,Mexico,https://www.patrontequila.com/,Y,,Y,Premium tequila made with the highest-quality 100% Blue Weber Agave. Tradition and craftsmanship united to create a tequila that is Simply Perfect.
Casa Herradura,Mexico – Jalisco,,,,,
Clase Azul,Mexico – Jalisco,https://www.claseazul.com/,Y,,Y,"Discover our handcrafted tequilas, mezcals, and immersive spaces—expressions of Mexico&#039;s land, craft, and living culture."
El Tesoro,Mexico – Jalisco,,,,,
Fortaleza,Mexico – Jalisco,,,,,
Tequila Ocho,Mexico – Jalisco,,,,,
Alipús,Mexico – Oaxaca,,,,,
Bozal,Mexico – Oaxaca,,,,,
Del Maguey,Mexico – Oaxaca,,,,,
Ilegal,Mexico – Oaxaca,https://ilegalmezcal.com/,Y,,Y,"Ilegal is a beautifully balanced mezcal with a notorious history. 100% natural Joven, Reposado, and Anejo mezcal, produced by fourth-generation mezcaleros."
Los Amantes,Mexico – Oaxaca,https://www.losamantes.com/,Y,Y,Y,"Los Amantes nace en Oaxaca, México, en el año 2004 con el objetivo de promover la cultura y las tradiciones de este estado a través de su bebida más emblemática: el mezcal."
Madre Mezcal,Mexico – Oaxaca,https://madremezcal.com/,Y,Y,Y,Artisanal goods made by Madre Mezcal.
Mezcal Unión,Mexico – Oaxaca,https://www.mezcalunion.com/,Y,Y,Y,Explore the Mezcal Unión Collection with Mezcal Unión Joven and Mezcal Unión Viejo—ideal for engraving a personalized message and gifting to mezcal lovers.
Montelobos,Mexico – Oaxaca,,,,,
Siete Misterios,Mexico – Oaxaca,https://www.7misterios.com/,Y,,,
Beluga,Montenegro,https://beluga-vodka.com/,Y,Y,Y,"Beluga Vodka offers unmatched quality and a smooth, refined taste. Perfect for those who appreciate the best. Best consumed with caviar."
Bols,Netherlands,,,,,
Ketel One,Netherlands,,,,,
Nolet’s,Netherlands,https://www.noletsgin.com/,Y,Y,,
Old Duff,Netherlands,,,,,
Rutte,Netherlands,https://rutte.com/,Y,Y,Y,"Since 1872, the Rutte distillery in Dordrecht has been making gins, jenevers and liqueurs. In the traditional way, with the best ingredients. Visit our distillery too or come taste in our tasting room."
Flor de Caña,Nicaragua,https://flordecana.com/,Y,Y,Y,Award Winning Rums Aged at the Base of an Active Volcano and Sustainably Made from Field to Bottle.
Linie,Norway,https://linie.com/,Y,,Y,Explore LINIE Aquavit. Distilled with Nordic herbs and spices and matured in sherry oak casks while crossing the Equator twice. Discover at www.LINIE.com.
Rum Nation,Panama,,,,,
Barsol,Peru,https://www.barsolpisco.com/,Y,,Y,"Passionate about our craft, we pour our love into every glass of Pisco. It&#039;s our art, shared globally—each sip a taste of our dedication."
Portón,Peru,,,,,
Don Papa,Philippines,https://www.donpaparum.com/,Y,Y,Y,"Welcome to Don Papa Rum, where Sugarlandia comes alive with premium Philippine rum crafted with rich flavours."
Belvedere,Poland,,,,,
Chopin,Poland,https://chopinvodka.com/,Y,Y,Y,"In 1993 Chopin created the world’s first super premium vodka, and the luxury vodka category was born.We’ve remained at the industry’s forefront ever since, driven by a guiding purpose: to show the world that well-made, ingredient-forward vodka is worthy of being sipped and savored in the same way as whiskey or wine."
Snow Leopard,Poland,https://www.snowleopardvodka.com/,Y,,Y,"Découvrez Wiflix : le meilleur site pour regarder des films et séries en streaming gratuit ou en HD. Des milliers de titres en VF, VOSTFR et VO avec mise à jour quotidienne."
Vestal,Poland,https://www.vestalvodka.com/,Y,,Y,Türkiye'den uzmanlarımıza göre en iyi ve en güvenilir casino siteleri listesi - en uygun casino sitesini ve bahis siteleri bulun
Zubrowka,Poland,,,,,
Bacardi,Puerto Rico,,,,,
Don Q,Puerto Rico,,,,,
Rivière du Mât,Réunion,,,,,
Savanna,Réunion,,,,,
Chairman’s Reserve,Saint Lucia,https://chairmansreserverum.com/,Y,,,
Arbikie,Scotland,https://www.arbikie.com/,Y,Y,Y,"Premium Scottish Gin, Vodka &amp; Whisky. Discover our family of sustainable field to bottle spirits. Arbikie Estate is a family-owned working farm perched on the east coast of Angus. Here, the crop is king."
Berry Bros & Rudd,Scotland,,,,,
Chivas Regal,Scotland,,,,,
Compass Box,Scotland,,,,,
Douglas Laing,Scotland,,,,,
Drambuie,Scotland,https://www.drambuie.com/,Y,Y,Y,"Discover the unique taste of Drambuie, the iconic golden Scotch whisky liqueur infused with a secret blend of heather honey, herbs and spices. "
Glenfiddich,Scotland,https://www.glenfiddich.com/,Y,,Y,Discover the world&#039;s most awarded single malt Scotch whisky. One of the last family distilleries. Learn about Glenfiddich single malt whisky collection.
Highland Malt Distillery,United Kingdom,,,,Y,Crafting premium single malts in the Scottish Highlands since 1824
Johnnie Walker,Scotland,,,,,
Laphroaig,Scotland,,,,,
Mossburn,Scotland,,,,,
The Macallan,Scotland,,,,,
Glen Scotia,Scotland – Campbeltown,https://www.glenscotia.com/,Y,Y,Y,"Discover Glen Scotia, founded in 1832, one of the few single malt scotch distilleries left in Campbeltown, Scotland's smallest whisky region."
Glengyle,Scotland – Campbeltown,https://www.kilkerran.scot/,Y,Y,Y,Glengyle Distillery proudly create the Kilkerran Single Malt completing all parts of the whisky making process in the heart of Campbeltown.
Springbank,Scotland – Campbeltown,,,,,
Deanston,Scotland – Highlands,,,,,
Glendronach,Scotland – Highlands,https://www.glendronachdistillery.com/,Y,Y,Y,"Nestled in the Valley of Forgue in the majestic Scottish Highlands, The Glendronach Distillery has been dedicated to crafting fine Single Malts since 1826."
Glenmorangie,Scotland – Highlands,,,,,
Malts of Scotland,Scotland – Highlands,,,,,
North Star Spirits,Scotland – Highlands,,,,,
Oban,Scotland – Highlands,,,,,
That Boutique-y Whisky Company,Scotland – Highlands,,,,,
The Dalmore,Scotland – Highlands,,,,,
Adelphi,Scotland – Islay,,,,,
Ardbeg,Scotland – Islay,,,,,
Bowmore,Scotland – Islay,https://www.bowmore.com/,Y,,Y,"Discover the rich flavors of Bowmore Scotch Whisky, crafted with centuries of expertise and experience taken straight from the Isle of Islay."
Bruichladdich,Scotland – Islay,https://www.bruichladdich.com/,Y,,Y,"At Bruichladdich Distillery, our ambitions go beyond the simple philosophy of making and selling single malt scotch whisky. Discover our values, our ethos and why a commitment to progress is at the heart of everything we do."
Elixir Distillers,Scotland – Islay,,,,,
Gordon & MacPhail,Scotland – Islay,,,,,
Hunter Laing,Scotland – Islay,,,,,
Lagavulin,Scotland – Islay,,,,,
Scotch Malt Whisky Society,Scotland – Islay,,,,,
The Botanist,Scotland – Islay,https://www.thebotanist.com/,Y,Y,Y,The Botanist Islay Dry Gin is made at Bruichladdich Distillery using 22 wild hand-foraged Islay botanicals.
The Whisky Agency,Scotland – Islay,,,,,
Whisky-Fässle,Scotland – Islay,,,,,
Arran,Scotland – Isle of Arran,https://www.arranwhisky.com/,Y,,,
Archives,Scotland – Isle of Mull,,,,,
Talisker,Scotland – Isle of Skye,,,,,
Highland Park,Scotland – Orkney,,,,,
Aberlour,Scotland – Speyside,,,,,
Cadenhead’s,Scotland – Speyside,,,,,
Liquid Treasures,Scotland – Speyside,,,,,
Monkey Shoulder,Scotland – Speyside,,,,,
Signatory Vintage,Scotland – Speyside,,,,,
Single Cask Nation,Scotland – Speyside,,,,,
The Balvenie,Scotland – Speyside,https://www.thebalvenie.com/,Y,,Y,"Discover The Balvenie, a unique range of single malt Scotch whiskies hand-crafted in Speyside using centuries-old skills passed down through generations."
Amarula,South Africa,,,,,
Bayab,South Africa,,,,,
Blaauwklippen,South Africa,https://www.blaauwklippen.com/,Y,,Y,Blaauwklippen Wine Estate in the Cape Winelands is the oldest farm in Stellenbosch. Enjoy award-winning wines & experiences for all ages.
Black Mountain,South Africa,,,,,
Blind Tiger,South Africa,,,,,
Bloedlemoen,South Africa,,,,,
Clemengold,South Africa,https://www.clemengoldgin.com/,Y,Y,Y,"Shop Now     what makes our gin special The story of ClemenGold Gin™ started with South Africa’s leading citrus brand ClemenGold® mandarins. Distilling a gin from this flavoursome citrus has been our dream which came true on the 1st of December 2016 at the launch of ClemenGold Gin™.

Our gin"
D’Urban,South Africa,,,,,
Deep South Distillery,South Africa,https://deepsouthdistillery.co.za/,Y,Y,Y,Gin and Spirits Tastings We are open throughout the festive season for our famous tastings and tours. Enjoy our traditional Gin Tasting Experience or
Flowstone,South Africa,,,,,
Hope Distillery,South Africa,https://www.hopedistillery.co.za/,Y,,,
Hope on Hopkins,South Africa,,,,,
Indlovu,South Africa,https://indlovugin.com/,Y,,,
James Sedgwick,South Africa,https://store.jamessedgwickdistillery.co.za/,Y,,,
Joseph Barry,South Africa,https://www.josephbarry.co.za/,Y,,,
Klipdrift,South Africa,,,,,
Knysna Gin,South Africa,,,,,
KWV,South Africa,https://www.kwv.co.za/,Y,Y,Y,KWV is a leading South African wine & spirits producer with a distinguished heritage. Shop our awarded brands our come visit for a tasting.
Monks,South Africa,,,,,
Musgrave,South Africa,,,,,
Nederburg,South Africa,,,,,
Pienaar & Son,South Africa,https://pienaarandson.co.za/,Y,Y,Y,"Cape Town based Distillery specialising in Gin, Vodka, Whisky and all things spirit."
Rebel City,South Africa,,,,,
Richelieu,South Africa,,,,,
Six Dogs,South Africa,https://www.sixdogs.co.za/,Y,Y,Y,"Six Dogs Distillery. Six Dogs Karoo, Six Dogs Blue and Six Dogs Pinotage Stained Gin. Passionately crafted, one batch at a time."
Still 33,South Africa,,,,,
Sugarbird,South Africa,,,,,
Sydney Back,South Africa,,,,,
Time Anchor,South Africa,,,,,
Van Ryn’s,South Africa,,,,,
Wilderer,South Africa,,,,,
Mhoba,South Africa – Mpumalanga,https://mhoba.co.za/,Y,,,
Gin Mare,Spain,https://www.ginmare.com/,Y,,Y,We have managed to distill and bottle the Mediterranean to be enjoyed globally.
Nordés,Spain,https://www.nordesgin.com/,Y,Y,Y,"? Descubre la ginebra Nordés, revolucionaria, de carácter único ? Exquisita receta aromática ? Disfruta de las ginebras Nordés en la mejor compañía."
Osborne,Spain,https://www.osborne.es/,Y,,,
Torres,Spain,,,,,
Distell - Oude Molen,South Africa,,Y,,Y,"Leading South African spirits producer, home to Klipdrift, Viceroy, and more."
Inverroche Distillery,South Africa,https://inverroche.co.za,Y,,Y,"Award-winning gin distillery on the breathtaking Garden Route, using indigenous fynbos botanicals."
Absolut,Sweden,,,,,
High Coast,Sweden,https://highcoastwhisky.se/,Y,Y,Y,"Välkommen till High Coast Whisky. Upptäck prisbelönt single malt från Höga kusten, präglad av naturen och hantverket. Läs mer om vår whisky och besök oss."
Mackmyra,Sweden,,,,,
Purity,Sweden,,,,,
Kavalan,Taiwan,https://www.kavalanwhisky.com/,Y,Y,Y,亞熱帶氣候的交替更迭伴隨橡木桶緩慢呼吸山海獨特的芬芳天地的自然精華，孕育出風味無可比擬、令世界著迷的噶瑪蘭單一麥芽威士忌。
Beefeater,UK,,,,,
Bombay Sapphire,UK,,,,,
Bulldog,UK,https://www.bulldoggin.com/,Y,,Y,Discover Bulldog London Dry Gin infused with 12 distinctive botanicals selected from around the world.
Gordon’s,UK,https://www.gordonsgin.com/,Y,,Y,"Discover Gordon’s Gin on The Bar. Explore classic London Dry Gin, cocktail recipes, serving tips, and the refreshing taste of Gordon’s. "
Pimm’s,UK,https://www.pimms.com/,Y,,,
Plymouth,UK,,,,,
Sipsmith,UK,https://www.sipsmith.com/,Y,,Y,"Sipsmith Gin - the home of outrageously good gin, cocktail ginspiration, Distillery information, online Gin shop and more."
Smirnoff,UK,,,,,
Tanqueray,UK,https://www.tanqueray.com/,Y,Y,Y,"Discover the exceptional Tanqueray No.TEN, Tanqueray London Dry Gin, juicy flavoured variants & alcohol-free spirits. Explore the world of Tanqueray."
Whitley Neill,UK,https://whitleyneill.com/,Y,,Y, 
Aviation,USA,,,,,
Bulleit,USA,,,,,
Jack Daniel’s,USA,,,,,
Maker’s Mark,USA,,,,,
Skyy,USA,,,,,
Southern Comfort,USA,,,,,
Tito’s,USA,,,,,
Woodford Reserve,USA,,,,,
Humboldt Distillery,USA – California,https://humboldtdistillery.com/,Y,,Y,"Our award-winning spirits are handcrafted in Humboldt County, California, using organic ingredients. Explore our range of premium spirits (including California&#039;s best-selling organic vodka), and experience the Spirit of California."
FEW Spirits,USA – Illinois,https://www.fewspirits.com/,Y,,,
Angel’s Envy,USA – Kentucky,,,,,
Buffalo Trace,USA – Kentucky,,,,,
Elijah Craig,USA – Kentucky,,,,,
Four Roses,USA – Kentucky,https://fourrosesbourbon.com/,Y,Y,Y,Sample Four Roses Bourbon today and taste the sophisticated beauty of a simple barrel bourbon that has been crafted to perfection since 1888.
Knob Creek,USA – Kentucky,,,,,
Michter’s,USA – Kentucky,https://michters.com/,Y,Y,Y,Producing the finest American whiskeys – cost be damned!
Old Forester,USA – Kentucky,,,,,
Wild Turkey,USA – Kentucky,,,,,
Hudson,USA – New York,https://www.hudsonwhiskey.com/,Y,,Y,"Shop Hudson whiskey, bourbon and rye today, or book a tour with us. Hudson Whiskey is New York&#039;s first whiskey distillery since prohibition. Find out more."
Boyd & Blair,USA – Pennsylvania,https://boydandblair.com/,Y,,Y,"Boyd & Blair is an award winning distillery located in Pittsburgh, PA that produces award winning potato vodka, craft cocktails and silver rum. "
George Dickel,USA – Tennessee,,,,,
Balcones,USA – Texas,,,,,
Westland,USA – Washington,https://www.westlanddistillery.com/,Y,Y,Y,Online shop offering Westland Distillery's award-winning American Single Malt Whiskey. Shipping available for residents of Washington state. Distillery pick-up available. U.S. shipping on non-whiskey items.
Diplomático,Venezuela,https://www.rondiplomatico.com/,Y,Y,Y,"Diplomático is a rum passionately crafted, recognized for being one of the leading super premium rums worldwide."
Santa Teresa,Venezuela,,,,,
Penderyn,Wales,https://www.penderyn.wales/,Y,Y,Y,Penderyn Distillery is the home of Welsh Whisky and produces award-winning single malt whiskies and spirits in the foothills of South Wales.
9 Orphans Distillery,South Africa,https://www.9orphansdistillery.com/,Y,,Y,Family owned distillery
10th Mountain Whiskey and Spirit,,,,,,
13th Century Whiskey,,,,,,
15 Stars,,,,,,
173 Craft Distillery,,,,,,
21st Century Spirits,,,,,,
3 Badge,,,,,,
3-Oaks Distillery,,,,,,
45th Parallel Spirits,,,,,,
477 Distilling,,,,,,
Absinthia's Bottled Spirits,,,,,,
Adolfo Murillo,,,,,,
Aha Yeto Tequila,,,,,,
Aiko Importers,,,,,,
Alambic,,,,,,
Allegheny Distilling,,,,,,
Alltech Beverage Division,,,,,,
Altamar Brands,,,,,,
American Premium Vodka,,,,,,
American Spirits Exchange,,,,,,
American Vintage Beverage,,,,,,
Amroth,,,,,,
Apologue,,,,,,
Apostrophe Brands,,,,,,
Are Concepts,,,,,,
Artisan Grain Distillery,,,,,,
Artisanal Cellars,,,,,,
Atomic Brands,,,,,,
Atoto,,,,,,
B. T. O. Distillers,,,,,,
Baluarte Spirits,,,,,,
Banfi Products,,,,,,
Barbera,,,,,,
Baron Nahmias,,,,,,
Benchmark Beverage,,,,,,
Bendistillery,,,,,,
Bendt Distilling,,,,,,
Best Case Wines,,,,,,
Bid Beverage,,,,,,
Big Derby Distilling,,,,,,
Black Rock Spirits,,,,,,
Blue Ox Spirits,,,,,,
Bluff Creek Distillery,,,,,,
Bmc,,,,,,
Bonavita Beverage,,,,,,
Boot Hill Distillery,,,,,,
Boveda Reserve Distribution,,,,,,
Breckenridge Distillery,,,,,,
Broadbent Ventures,,,,,,
Brough Brothers Distillery,,,,,,
Brown Forman,,,,,,
Bull Run Distillery,,,,,,
Buzzards Roost Spirits,,,,,,
Caffo Beverages,,,,,,
Caledonia Spirits,,,,,,
California Tequila,,,,,,
Callisto Spirits,,,,,,
Caribbean Spirits,,,,,,
Carriage House,,,,,,
Casa 1921,,,,,,
Cascade Spirits,,,,,,
Cathead Distillery,,,,,,
Cats Eye Distillery,,,,,,
Cedar Ridge Vineyards Ll,,,,,,
Central Standard,,,,,,
Century Farms Distillery,,,,,,
Ceo Distilling,,,,,,
Ch Distillery,,,,,,
Chacho Spirits,,,,,,
Chankaska Creek and Ranch Winery,,,,,,
Charles Jacquin Et Cie,,,,,,
Chatham,,,,,,
Choya Umeshu Usa,,,,,,
Chuckanut Bay Distillery,,,,,,
Chucker Spirits,,,,,,
Ciroc Spirits,,,,,,
Citadel Beverages,,,,,,
Classic Trend,,,,,,
Clear Water Distilling,,,,,,
Cni Brands,,,,,,
Cns Imports; Four Seasons Trading; Cns Wine & Spirits,,,,,,
Constellation Brands,,,,,,
Cooper Spirits International,,,,,,
Copper & Kings American Brandy,,,,,,
Copper Still Distillery,,,,,,
Coppermuse Distillery,,,,,,
Country Smooth Spirits,,,,,,
Coup de Foudre,,,,,,
Cowboy Country Distilling,,,,,,
Cutwater Spirits,,,,,,
Cvi Brands,,,,,,
Da Due Compliance and Logistics,,,,,,
Dark Arts Whiskey House,,,,,,
Dc Beverage,,,,,,
Dehner Distillery,,,,,,
Deluxe Wine & Spirits,,,,,,
Demerara Distillers (Usa),,,,,,
Diageo Americas,,,,,,
Dirty Dill,,,,,,
Doc Brown,,,,,,
Dogtown Distilling,,,,,,
"Dorado, Pizzorni & Sons",,,,,,
Dr. Stoners Herb Infused Spirits,,,,,,
Dread River Distilling,,,,,,
Dreyfus Ashby,,,,,,
Driftless Glen Distillery,,,,,,
Drum Circle Distilling,,,,,,
Dry Fly Distilling,,,,,,
Dsm,,,,,,
Duggans Distillers,,,,,,
Dumbass Whiskey,,,,,,
Dunamis Premium Spirits,,,,,,
Durham Distillery,,,,,,
E & J Gallo Winery,,,,,,
Earl Giles,,,,,,
Eastern Liquors Usa,,,,,,
Edrington Group Usa,,,,,,
Elixir,,,,,,
Eod Distillery,,,,,,
Far North Spirits,,,,,,
Fast Penny Spirits,,,,,,
Field of Dreams Beverage,,,,,,
Fifth Generation Distilled Spirits,,,,,,
Filibuster Barrels,,,,,,
Foley Family Wines,,,,,,
Foundry Distilling,,,,,,
Frank Lin Distillers Pro,,,,,,
Frankly Organic Vodka,,,,,,
Fredrick Wildman & Son,,,,,,
Freeland Spirits,,,,,,
Freixenet Mionetto Usa,,,,,,
Garrison Brothers Distillery,,,,,,
Glass Revolution,,,,,,
Global Beverage Team,,,,,,
Global Spirits Usa,,,,,,
Good Boy Vodka,,,,,,
Good Spirits Distilling,,,,,,
Grand Prix Beverage,,,,,,
Grand Teton Distillery,,,,,,
Gray Duck Spirits,,,,,,
Green Frog Distillery,,,,,,
Green River Distilling,,,,,,
Greenbar Distillery,,,,,,
Hamilton Distillers,,,,,,
Hard Truth Distilling,,,,,,
Harmony Spirits,,,,,,
Hawaii Sea Spirits,,,,,,
Heaven Hill Brands,,,,,,
Heavenly Spirits,,,,,,
Helmsman,,,,,,
Hexa Partners,,,,,,
High Five Spirits,,,,,,
Highclere Castle Spirits,,,,,,
Hillrock Estate Distillery,,,,,,
Hood River Distillers,,,,,,
Hotaling &,,,,,,
Huber Orchards,,,,,,
Ia-Native Spirits,,,,,,
Impex Beverage,,,,,,
Infinium Spirits,,,,,,
Intercontinental Packaging,,,,,,
International Cellars,,,,,,
International Trade One,,,,,,
Iowa Distilling,,,,,,
Irokos,,,,,,
Ironclad Distillery,,,,,,
Jackson Family,,,,,,
Jackson Hole Still Works,,,,,,
Jacob Rieger &,,,,,,
James Pepper Distilling,,,,,,
Jim Beam Brands,,,,,,
Jinro America,,,,,,
John Ernest Distillery,,,,,,
Journeyman Distillery,,,,,,
Judge Richard Distillery,,,,,,
Keepers Quest,,,,,,
Kentucky Peerless Distilling,,,,,,
Keynes International Trade,,,,,,
Kind Spirits,,,,,,
Kindred Vines Import,,,,,,
Kings County Distillery,,,,,,
Klin Spirits,,,,,,
Knee-High Distilling,,,,,,
Kobrand,,,,,,
Koenig Distillery,,,,,,
Koloa Rum,,,,,,
Kooper Distilling,,,,,,
Koval Distillery,,,,,,
Laird &,,,,,,
Latitude Beverage,,,,,,
Laws Whiskey House,,,,,,
Lbd Coffee,,,,,,
Legendary Rye,,,,,,
Levecke,,,,,,
Lloyd Caruso,,,,,,
Lobos 1707 Spirits,,,,,,
Local Distilling,,,,,,
Lonely Oak Distillery,,,,,,
Long Island Spirits,,,,,,
Luca Mariano Distillery,,,,,,
Luxco,,,,,,
Luxury Spirits International,,,,,,
Lyra,,,,,,
Macchu Pisco,,,,,,
Mach Flynt,,,,,,
Mack & Schuhle,,,,,,
Maison Ferrand Usa,,,,,,
Mango Bottling,,,,,,
Mara,,,,,,
Marsalle,,,,,,
Mast-Jagermeister Us,,,,,,
Maximillion,,,,,,
Mccormick Distilling,,,,,,
Meisenburg Brewing & Distilling,,,,,,
Mexcor,,,,,,
Mhw,,,,,,
Middle West Spirits,,,,,,
Mile High Spirits,,,,,,
Minglewood Distilling,,,,,,
Minhas Micro Distillery,,,,,,
Misa,,,,,,
Modern Matriarch,,,,,,
More Than Grapes,,,,,,
Mountain Laurel Spirits,,,,,,
Ms Walker,,,,,,
Murlarkey Distilled Spirits,,,,,,
Nevada Distilling,,,,,,
New Riff Distilling,,,,,,
Next Century Spirits Manufacturing,,,,,,
Niche Import,,,,,,
Norden Spirits,,,,,,
Norseman Distillery,,,,,,
North Shore Distillery,,,,,,
O So Good Winery & Distillery,,,,,,
O'malleys of Weston,,,,,,
Oak&Eden,,,,,,
Old Louisville Whiskey,,,,,,
Ole Smoky Distillery,,,,,,
One Life Spirits,,,,,,
Opici Import,,,,,,
Oregon Spirit Distillers,,,,,,
Pacific Edge Wine & Spirits,,,,,,
Palm Bay International,,,,,,
Park Street,,,,,,
Patco Brands,,,,,,
Pennsylvania Pure Distilleries,,,,,,
Pernod Ricard Usa,,,,,,
Phantom V Distilling,,,,,,
Piedmont Distillers,,,,,,
Pine Bluffs Distilling,,,,,,
Pittsburgh Spirits,,,,,,
Pkgd,,,,,,
Post Meridiem Spirit,,,,,,
Precept Brands,,,,,,
Preiss,,,,,,
Premier,,,,,,
Prichards Distillery,,,,,,
Prost Beverage,,,,,,
Proximo,,,,,,
Puente International,,,,,,
Pulpit Rock Brewing,,,,,,
Purple Brands,,,,,,
Pyatt,,,,,,
Quadro,,,,,,
Raicilla San Gregorio,,,,,,
Ransom Spirits,,,,,,
Red Boot Distillery,,,,,,
Red Ox Distillery,,,,,,
Restless Spirits Distilling,,,,,,
Revelton Distilling,,,,,,
River Valley Orchards & Winery,,,,,,
Rocky Top Investments,,,,,,
Round 2 Spirits,,,,,,
Royal Wine,,,,,,
Rs Lipman,,,,,,
Rumcoqui and,,,,,,
Rush Creek Distilling,,,,,,
S&B Farms Distillery,,,,,,
Sagamore Whiskey,,,,,,
Saloon Spirits,,,,,,
Samandla Wine,,,,,,
San Antonio Winery,,,,,,
San Bartolo Farms,,,,,,
San Luis Spirits,,,,,,
Sans Wine & Spirits,,,,,,
Santa Fe Distillery,,,,,,
Santa Maria Vineyard & Winery,,,,,,
Sarge's Spirits,,,,,,
Savage & Cooke,,,,,,
Sazerac,,,,,,
Seamans Beverage and Logistics,,,,,,
Serendipity Wines,,,,,,
Serralles Usa,,,,,,
Seven Jars Distillery,,,,,,
Sg Worldwide,,,,,,
Shand Import,,,,,,
Shaw-Ross International,,,,,,
Sion Farm Distillery,,,,,,
Soda Jerk,,,,,,
Soldier Valley Spirits,,,,,,
Sovereign Brands,,,,,,
Specialty Wine-Spirits,,,,,,
Spirit,,,,,,
Spirits Innovation Partners Tequila,,,,,,
Spirits of Tennessee,,,,,,
Splinter Group Napa,,,,,,
St George Spirits,,,,,,
Stillworks,,,,,,
Stoli,,,,,,
Stumpys Spirits,,,,,,
Sugarlands Distilling,,,,,,
Surville,,,,,,
Swell Liquor,,,,,,
T. Edward Wines,,,,,,
Tattersall Companies,,,,,,
Templeton Rye Spirits,,,,,,
Tenn South Distillery,,,,,,
Tennessee Shine,,,,,,
Tequilas Premium,,,,,,
Terlato Wines International,,,,,,
Terranova Spirits,,,,,,
Territory Whiskey,,,,,,
The Bardstown Bourbon,,,,,,
The Better Man Distilling,,,,,,
The Zamora Americas,,,,,,
Tom's Town Distilling,,,,,,
Traverse City Whiskey,,,,,,
Tri-Vin,,,,,,
Trinchero Family Estates,,,,,,
Trinity River Distillery,,,,,,
Tropical Distillery,,,,,,
Trust Me Vodka,,,,,,
Tycoga Winery & Distillery,,,,,,
Ublendit,,,,,,
Una Familia Spirits,,,,,,
Unified Spirits,,,,,,
United Spirits,,,,,,
Usa Wine West,,,,,,
Usdp,,,,,,
Valhalla,,,,,,
Valor Bebidas,,,,,,
Van Brunt Stillhouse,,,,,,
Vbj Beverages,,,,,,
Vikre Distillery,,,,,,
Village Garage Distillery,,,,,,
Vin Divino,,,,,,
Vino.Com Dba Total Beverage Solution,,,,,,
Vintage Wine Estates,,,,,,
Voli 305,,,,,,
W J Deutsch & Sons,,,,,,
West Bottoms Whiskey,,,,,,
Western Spirits Beverage,,,,,,
Whidbey Island Distilleries,,,,,,
Whistlepig,,,,,,
Wildcat Products,,,,,,
Wilderness Spirits,,,,,,
William Grant & Sons,,,,,,
William Wright,,,,,,
Winebow,,,,,,
Winesource International,,,,,,
Woody Creek Distillers,,,,,,
World Trade Liquor,,,,,,
Worldwide Libations,,,,,,
Wrs,,,,,,
Wych Dr. Distilling,,,,,,
Xamay Global Spirits,,,,,,
Zing Zang,,,,,,